Cat,Nombre,SueldoMensual
1,Grannie Popham,Popham
2,Byrom Fernehough,Fernehough
3,Enid Minmagh,Minmagh
4,Reagan Fortye,Fortye
5,Sly Trays,Trays
6,Kearney Kerswell,Kerswell
7,Averil Bicknell,Bicknell
8,Fergus Pummery,Pummery
9,Harri Sweatman,Sweatman
10,Ailina Pioli,Pioli
11,Joseito Leynagh,Leynagh
12,Kelbee Coton,Coton
13,Sherlocke Relton,Relton
14,Sissy Argrave,Argrave
15,Hobard Tappin,Tappin
16,Benn Loins,Loins
17,Vernor Caldeyroux,Caldeyroux
18,Carlee Deehan,Deehan
19,Miller Cassel,Cassel
20,Ceciley Jewiss,Jewiss
21,Zak Tytcomb,Tytcomb
22,Josephine Bittany,Bittany
23,Eberhard Korpolak,Korpolak
24,Mallory Nock,Nock
25,Tobin Crommett,Crommett
26,Hagen Kennford,Kennford
27,Fulton Domenicone,Domenicone
28,Nikkie Crowther,Crowther
29,Jewell Grivori,Grivori
30,Halimeda Gresser,Gresser
31,Annabella Argent,Argent
32,Karyl Ivain,Ivain
33,Claudian Fotitt,Fotitt
34,Alisa Sollowaye,Sollowaye
35,Marcus Fairfull,Fairfull
36,Pincus Plumridege,Plumridege
37,Swen Seeney,Seeney
38,Ingaborg De Roeck,De Roeck
39,Star Grene,Grene
40,Dorothy Wylam,Wylam
41,Cyril Strapp,Strapp
42,Zandra McAlarney,McAlarney
43,Bartholomeus Ostrich,Ostrich
44,Garvin Turmel,Turmel
45,Roley Izatson,Izatson
46,Bonni Upjohn,Upjohn
47,Eolanda Ferruzzi,Ferruzzi
48,Slade Waterstone,Waterstone
49,Faber Lytlle,Lytlle
50,Prince Gaddesby,Gaddesby
51,Tana Flatt,Flatt
52,Norean Lockton,Lockton
53,Pincas Clemon,Clemon
54,Sula Knolles-Green,Knolles-Green
55,Gwendolyn Seage,Seage
56,Bette-ann Ivushkin,Ivushkin
57,Lorna Lahrs,Lahrs
58,Oates Stanes,Stanes
59,Thorn Caulcott,Caulcott
60,Wernher Aronovitz,Aronovitz
61,Sheff Bampkin,Bampkin
62,Griswold Carrabot,Carrabot
63,Ragnar Connop,Connop
64,Stacy Baine,Baine
65,Stinky Sweetlove,Sweetlove
66,Candice Curragh,Curragh
67,Barty McEllen,McEllen
68,Mayor Flintoffe,Flintoffe
69,Morgen Yedall,Yedall
70,Alan Elies,Elies
71,Richard Boards,Boards
72,Mylo Pagitt,Pagitt
73,Jarrett Yarranton,Yarranton
74,Colver Costanza,Costanza
75,Leah MacConnell,MacConnell
76,Evania Dunston,Dunston
77,Dacey Poppleton,Poppleton
78,Ardine Dowglass,Dowglass
79,Hatty Have,Have
80,Annemarie Brazer,Brazer
81,Aguste Pinnion,Pinnion
82,Karen Haskayne,Haskayne
83,Lem Rice,Rice
84,Johnette Barck,Barck
85,Rob Boddymead,Boddymead
86,Keriann Dominichelli,Dominichelli
87,Cameron Tonner,Tonner
88,Kienan Machon,Machon
89,Marion Jovicic,Jovicic
90,Win Myrick,Myrick
91,Urbanus Marryatt,Marryatt
92,Bendicty Kleyn,Kleyn
93,Hirsch Reyna,Reyna
94,Sterne Casacchia,Casacchia
95,Aimil Giblin,Giblin
96,Julita Blew,Blew
97,Maryellen Fullicks,Fullicks
98,Tiffani Mycroft,Mycroft
99,Christos Menel,Menel
100,Ethe Feldon,Feldon
